일시,평균기온(°C),최저기온(°C),최고기온(°C),일강수량(mm),최대 풍속(m/s),일 최심적설(cm),coat_F,coat_M
2019-01-01,-5,-8.2,-0.6,,4.3,,26.78414,31.59609
2019-01-02,-4.9,-8.8,0.2,,3.6,,27.40088,34.52768
2019-01-03,-3.5,-8.4,3.2,,2.9,,28.01762,31.27035
2019-01-04,-1.1,-6.2,4.1,,3,,29.95594,26.38436
2019-01-05,-2.8,-5.5,1.1,,4.3,,27.04845,37.45928
2019-01-06,-2.8,-6.3,2.7,,3.2,,32.15859,36.15635
2019-01-07,-1.9,-6.2,3.1,,4.7,,30.66079,29.64169
2019-01-08,-3.5,-7.2,0.5,,6.5,,27.48898,33.22475
2019-01-09,-4.7,-9.4,1.3,,3.5,,30.13215,29.64169
2019-01-10,-0.6,-4.5,3,,3.8,,26.34361,30.29315
2019-01-11,2.4,-0.4,7.2,,2.6,,22.20264,21.17263
2019-01-12,2.8,-0.6,8,,3.5,,24.58149,27.03583
2019-01-13,1.2,-3,7.6,,3.2,,28.10572,20.8469
2019-01-14,1.4,-2.4,5.3,,2.5,,23.25991,27.68729
2019-01-15,-1.7,-7.2,2.6,0,6.1,,23.0837,15.96091
2019-01-16,-5.2,-10.1,-1.1,0,4.3,,21.5859,22.8013
2019-01-17,-0.3,-3.2,4,0,5,,21.49779,15.96091
2019-01-18,0.6,-4.6,6.7,,4.5,,16.74008,22.14983
2019-01-19,3.6,0,8.5,,3,,22.73127,25.08143
2019-01-20,-1.4,-5.5,4,,5.5,,22.46696,20.19543
2019-01-21,-1.2,-6.7,4.2,0,4.3,,22.81938,19.54397
2019-01-22,1.7,-3.3,7.1,,4.4,,22.02643,19.21824
2019-01-23,2,-0.8,7,,5.1,,20.0,15.63517
2019-01-24,0.1,-4.6,6.5,,3.5,,16.74008,19.21824
2019-01-25,-1.2,-3.8,2.6,,5.5,,20.61674,15.30944
2019-01-26,-2.5,-6.5,2.4,,4.4,,22.29074,17.58957
2019-01-27,-0.1,-6.6,5.1,,3.7,,23.0837,16.61237
2019-01-28,1.2,-2.4,4.5,0,6.8,,19.20704,13.68078
2019-01-29,-0.2,-5.6,7,,3.7,,16.38766,17.58957
2019-01-30,1.8,-2.8,6.6,,3.8,,17.26872,14.65798
2019-01-31,-2,-6.2,2.3,,4.7,,17.44493,11.72638
2019-02-01,-2.1,-7.4,2.8,0.3,4.9,0.2,15.15418,16.61237
2019-02-02,1.4,-3.2,6.1,0,1.8,0.2,16.29955,10.09771
2019-02-03,3.3,2,4.9,16,4,,14.88986,12.37785
2019-02-04,-0.6,-3.3,3,,4.9,,11.27753,7.81758
2019-02-05,2.8,-3.6,10.1,,2.9,,11.89427,10.09771
2019-02-06,5.1,0.1,9.3,,3.1,,15.5066,10.74918
2019-02-07,-2.1,-8.2,6.3,0.5,5.5,0,14.80176,13.02931
2019-02-08,-6.1,-10.2,-1.3,,4.7,,14.80176,14.33224
2019-02-09,-5.4,-8.6,-1.9,,4.9,,16.91629,13.35504
2019-02-10,-5,-9.1,-1.9,,3.6,,21.05726,20.52117
2019-02-11,-3,-7.5,2,,4.9,,18.76651,14.33224
2019-02-12,-0.6,-4.1,3.7,0,4.3,,17.79735,13.02931
2019-02-13,-2.1,-5.7,2.5,,5.1,,16.56387,12.70358
2019-02-14,-0.5,-5.9,6.3,,3.2,,19.47136,13.35504
2019-02-15,-0.8,-2.9,0.9,2.2,4,2.4,19.20704,10.09771
2019-02-16,-2.7,-5.1,1.5,0.2,4.6,0.7,19.73568,16.93811
2019-02-17,-1.8,-6.8,4.6,,4.2,,23.78854,14.33224
2019-02-18,0.9,-4.7,5.9,,2.8,,21.32158,13.35504
2019-02-19,1.4,0.2,3,4.6,3.9,3.3,19.55947,13.02931
2019-02-20,1.7,-0.1,4.5,0,4.1,0.4,19.38325,10.42345
2019-02-21,2.4,-2.6,9,,3.4,,20.52863,13.35504
2019-02-22,4,-1.6,10.8,,3.7,,15.68281,9.77198
2019-02-23,6.8,0.5,14.5,,2.9,,18.06167,10.74918
2019-02-24,6.3,1.2,13.7,,4.9,,19.29515,7.49185
2019-02-25,4.7,1.3,10.2,,4.8,,17.44493,8.79478
2019-02-26,5.2,-1.5,12,,4.9,,14.36123,7.16612
2019-02-27,7.8,4.7,14,,4.3,,14.00881,9.12052
2019-02-28,6.6,2,12.8,,4.7,,11.71806,4.56026
2019-03-01,6.6,1.2,13,,4.4,,11.10132,3.90879
2019-03-02,7.8,1.3,14.7,,3.3,,12.68722,3.90879
2019-03-03,9.4,2.5,16.1,,3.3,,13.30396,7.81758
2019-03-04,9.9,5,16.3,,4.7,,8.28193,5.86319
2019-03-05,8.4,5.6,12.9,,3.9,,6.87224,4.88599
2019-03-06,8.4,5.7,12.4,,4.3,,7.22466,5.86319
2019-03-07,7,3.1,12.7,,5.1,,8.89867,3.58306
2019-03-08,6.1,0.6,13.4,,4.2,,9.60352,5.21172
2019-03-09,7.2,-0.4,14.9,,3,,7.7533,4.56026
2019-03-10,10.1,6.7,15.3,,2.9,,8.54625,5.53745
2019-03-11,6.6,3.5,10,0,4.3,,10.30837,7.16612
2019-03-12,3.9,-0.3,7.9,0,6,,10.48458,6.51465
2019-03-13,3.5,-0.4,8.5,0,7.2,,10.04405,6.51465
2019-03-14,5,-1.7,10,0,3.8,,9.07488,2.93159
2019-03-15,5.5,1.6,11.3,3.5,5.4,,7.57709,4.88599
2019-03-16,4.3,0.2,9.2,,5.1,,10.13215,5.86319
2019-03-17,6.3,2.6,12.4,,4.4,,11.27753,4.56026
2019-03-18,7.1,1.4,14.4,,4.7,,8.45814,5.53745
2019-03-19,10,3.4,16.7,,3.3,,6.78414,6.84039
2019-03-20,10.3,7.1,14.6,16.5,3.9,,7.40088,3.58306
2019-03-21,7.1,1.9,11.1,3.3,5.5,,5.72687,2.93159
2019-03-22,3.3,-0.7,8.3,,5,,6.69603,5.86319
2019-03-23,3.3,-0.4,8.2,1.7,6.3,,6.43171,5.53745
2019-03-24,4.3,-0.8,9.7,,4.9,,8.01762,8.46905
2019-03-25,7.3,2.9,11.5,,5.1,,6.34361,4.88599
2019-03-26,11.4,7.4,17.6,,4.7,,5.81497,3.58306
2019-03-27,11.6,8.9,16.2,,6.4,,5.37444,5.21172
2019-03-28,9.4,5.6,14.6,,4.8,,4.14096,4.88599
2019-03-29,9.2,5.5,15.1,,4.7,,4.7577,4.56026
2019-03-30,5.2,3.5,8.4,1.8,6.3,,5.72687,7.49185
2019-03-31,4.4,2.6,8.4,0,5.5,,9.2511,4.23452
2019-04-01,5.5,0.3,11.3,,5.8,,8.37004,6.51465
2019-04-02,6.7,1.3,13,,6.1,,8.54625,2.28013
2019-04-03,7.6,1.9,13.6,,5,,6.60792,3.90879
2019-04-04,9.2,3,15.7,,5,,4.49339,3.25732
2019-04-05,11.4,7,17.2,0,5.4,,4.14096,3.90879
2019-04-06,9.3,5.9,12.2,0.8,2.8,,4.31718,3.58306
2019-04-07,12.6,5.6,20.3,,4.8,,3.43612,2.60586
2019-04-08,11.6,7.6,17.2,,5.2,,4.05286,5.21172
2019-04-09,9.2,4.7,13.9,17.4,4.4,,4.84581,3.25732
2019-04-10,7.1,4.7,10.2,5.6,3.1,,3.43612,3.90879
2019-04-11,9.5,4.3,15.7,,4.7,,3.78854,2.28013
2019-04-12,11.4,5.5,18.4,,5.1,,3.61233,1.62866
2019-04-13,11.8,6.2,17.9,,5,,3.1718,3.90879
2019-04-14,9.6,6.9,13.6,1.7,7.3,,3.61233,4.88599
2019-04-15,11.6,3.9,18.1,,4.7,,3.87665,3.90879
2019-04-16,14.9,6.8,22.6,,4.1,,3.34801,4.23452
2019-04-17,15.3,9.1,21.8,,4.9,,2.02643,1.62866
2019-04-18,12.6,10.4,16.2,0,5.3,,2.81938,1.95439
2019-04-19,13.8,9.6,19.7,,3.2,,1.93832,3.25732
2019-04-20,14.3,9.7,19.1,1.2,4.5,,2.46696,3.58306
2019-04-21,14.8,12.2,20.2,0.3,4.2,,1.674,3.25732
2019-04-22,19.3,10.7,28.2,,4.2,,2.11453,3.90879
2019-04-23,20.4,15.3,25.5,0,3.8,,1.674,0.32573
2019-04-24,19.5,15.8,25.9,4.1,4.5,,2.90748,0.32573
2019-04-25,13.2,9.4,17.2,11.3,3.6,,2.99559,2.93159
2019-04-26,8.4,6.2,9.9,4.9,3.5,,4.05286,2.28013
2019-04-27,11.6,4.1,18.2,,3.6,,2.81938,4.23452
2019-04-28,12.9,9.9,16.6,0,3.7,,2.55506,3.58306
2019-04-29,13,8.3,17.3,,2,,2.99559,2.60586
2019-04-30,15.5,9,22.5,,4.2,,1.5859,1.62866
2019-05-01,16.4,11.2,22.2,,4.8,,2.73127,1.62866
2019-05-02,17.1,10.6,25.3,,5.1,,1.674,2.93159
2019-05-03,17.9,10.1,26.1,,4.4,,1.76211,1.62866
2019-05-04,19.5,12,27.4,,4.1,,3.0837,3.25732
2019-05-05,19.2,13.6,26.5,,5.3,,1.5859,3.25732
2019-05-06,14.5,9.8,19.8,0,5.3,,1.93832,1.62866
2019-05-07,15,8.4,21.9,,5,,2.46696,1.95439
2019-05-08,15.6,10.1,21.3,,5.1,,1.76211,3.90879
2019-05-09,16.6,11.7,22.9,,4.5,,2.46696,1.95439
2019-05-10,17.8,10.3,26.8,,4.1,,2.73127,3.25732
2019-05-11,20.3,13.2,28.3,,3.9,,1.674,0.65146
2019-05-12,21.6,14.7,28.9,,3.1,,2.90748,1.95439
2019-05-13,18.7,15.5,22.8,0,4.9,,1.32158,2.60586
2019-05-14,19.6,12.9,26.9,,4.1,,2.37885,2.28013
2019-05-15,20.7,14.8,28,,3.9,,1.32158,1.95439
2019-05-16,23.5,16.7,30,,4.1,,2.55506,1.62866
2019-05-17,23.6,17.6,28.3,,3.2,,2.37885,0.32573
2019-05-18,22.8,19.1,25.9,0,4.8,,1.85022,1.30293
2019-05-19,19.4,17.9,21.6,22,2.7,,2.64317,2.93159
2019-05-20,16.4,13,20.2,8.7,6.1,,2.37885,2.60586
2019-05-21,17.2,11.7,23.8,,5.9,,3.0837,2.28013
2019-05-22,19.5,12.3,26.5,,5.4,,2.90748,1.62866
2019-05-23,22.1,15,29.2,,3.5,,2.90748,2.93159
2019-05-24,24.2,16.2,33.4,,4.1,,3.61233,1.62866
2019-05-25,23.4,18.4,28.6,,4.2,,2.29074,0.32573
2019-05-26,24.5,18.6,31.1,,4.5,,2.90748,2.93159
2019-05-27,17.8,14.3,22.3,7.1,5.3,,2.90748,2.28013
2019-05-28,18.1,11.9,24.6,,4.9,,2.55506,2.60586
2019-05-29,20.3,13.3,26.5,,4.9,,3.61233,2.28013
2019-05-30,19.6,14.6,24.5,0,5.4,,2.99559,2.28013
2019-05-31,19.1,16.1,23.3,,5.4,,2.11453,1.95439
2019-06-01,18.9,14.8,23.7,,4.2,,2.90748,2.28013
2019-06-02,21.1,14.1,27.8,,4.6,,3.25991,2.28013
2019-06-03,23.1,16,29.5,,5,,3.87665,2.93159
2019-06-04,22.6,17.6,29,,4.4,,2.73127,2.93159
2019-06-05,23,17.8,29.6,,4.3,,3.70044,3.58306
2019-06-06,21.2,18.6,25.1,7.5,4.1,,2.11453,4.23452
2019-06-07,20,17,24.7,35.3,3.5,,2.90748,0.97719
2019-06-08,21.9,16,27.6,,4,,3.1718,1.95439
2019-06-09,21.6,17.1,26.5,2.5,4,,2.99559,4.23452
2019-06-10,18.4,15.7,21.9,9.5,2.4,,4.14096,2.93159
2019-06-11,20.5,15.5,26.1,,3,,3.1718,3.58306
2019-06-12,21.5,16.1,26.4,,4.6,,2.29074,1.95439
2019-06-13,23,16.6,28.8,,4,,2.90748,1.95439
2019-06-14,23,19.1,28.4,,4.2,,3.34801,3.90879
2019-06-15,21.9,17.9,27.4,2.1,5.3,,3.61233,3.58306
2019-06-16,22,16.1,27.2,,4.7,,4.05286,3.25732
2019-06-17,21.7,18.1,26.2,0,4.1,,4.05286,2.28013
2019-06-18,20.8,17,24.8,13.8,4,,4.93392,3.58306
2019-06-19,21.4,18.9,25.4,0.2,4.1,,4.6696,5.21172
2019-06-20,22.7,19.8,27.8,,4.2,,3.34801,2.28013
2019-06-21,22.1,19.4,26.1,0.2,3.7,,4.22907,3.90879
2019-06-22,24.2,17.7,30.6,,2.9,,2.73127,4.88599
2019-06-23,25,19.1,31,,4.4,,6.34361,4.23452
2019-06-24,25.2,20.9,30.9,,4.1,,3.52422,2.28013
2019-06-25,25.6,19.5,32.8,,4.2,,4.40528,4.56026
2019-06-26,25.5,20.7,29.5,0,3.1,,5.28634,5.53745
2019-06-27,25.5,21.9,31.2,1.4,3.5,,4.49339,5.21172
2019-06-28,24.7,22.3,29,0,3.8,,3.25991,3.25732
2019-06-29,23.1,19.6,27.7,1.5,3.2,,3.96475,5.86319
2019-06-30,23.9,20.9,28.5,0,4.5,,4.40528,4.56026
2019-07-01,23.9,20.6,28.9,,5.2,,3.61233,2.93159
2019-07-02,24.4,20.8,30.1,,4.3,,4.31718,5.86319
2019-07-03,24.1,21.2,27.4,,3.8,,3.43612,4.88599
2019-07-04,25.4,20,32.8,,4.5,,3.78854,4.56026
2019-07-05,27.6,20.2,35,0,4.3,,3.1718,3.58306
2019-07-06,29.7,24.6,36.1,,3.9,,4.22907,6.18892
2019-07-07,26.7,22.7,32.5,,3.3,,4.58149,3.90879
2019-07-08,25.1,21.2,31,,3.3,,4.14096,3.58306
2019-07-09,25,19.7,30,,3.1,,4.22907,2.60586
2019-07-10,22.7,19.3,27.3,8.5,3.3,,5.37444,3.25732
2019-07-11,21.9,19.5,25.9,2.9,2.8,,5.19823,3.90879
2019-07-12,23.6,20,28.7,,4.4,,3.1718,3.58306
2019-07-13,24.9,22.1,29.7,0,3.9,,3.34801,3.58306
2019-07-14,25.9,21.2,31.6,,3.8,,5.72687,3.58306
2019-07-15,23.8,22.1,27.4,7.7,3,,4.6696,2.93159
2019-07-16,24.7,21.4,28.8,6.3,3.4,,5.11013,4.23452
2019-07-17,25.6,22.3,29.2,0.7,2.9,,4.93392,5.53745
2019-07-18,26.9,23.3,32.1,,3.2,,5.90308,4.88599
2019-07-19,28.6,22.8,35,0,4.6,,4.84581,2.28013
2019-07-20,28,25.1,31.9,1.1,3.6,,5.99118,6.84039
2019-07-21,25.1,24.2,27,6.2,4.4,,8.72246,5.53745
2019-07-22,26.7,24.2,31,0.1,3.6,,4.58149,4.56026
2019-07-23,28.1,24.4,32.9,,3.6,,7.8414,3.25732
2019-07-24,26.5,25.2,27.2,1,3.4,,6.1674,4.88599
2019-07-25,26.3,25.6,27.4,9.7,3.4,,8.72246,7.49185
2019-07-26,25.1,23.7,25.9,60,4.5,,5.19823,5.86319
2019-07-27,28.4,24.9,33.4,0.6,3.9,,7.22466,5.21172
2019-07-28,26.1,25,28.2,25.6,4.8,,6.96035,5.21172
2019-07-29,27.5,25.6,30,0.5,5,,7.48898,5.86319
2019-07-30,28.1,26.3,30.8,1.2,5.9,,7.57709,5.53745
2019-07-31,25.8,24,27.5,62.3,5.3,,7.31277,5.21172
2019-08-01,26.3,23.5,30.1,26.9,4.6,,7.48898,4.88599
2019-08-02,28.4,24.7,33.1,,3,,6.78414,4.88599
2019-08-03,29.4,25.6,36,3,4.5,,7.04845,4.88599
2019-08-04,28.3,25,34.4,8.6,3.3,,7.48898,4.88599
2019-08-05,30.5,25.6,35.9,,3.2,,8.81057,7.49185
2019-08-06,31.6,27.9,36.8,,2.8,,9.42731,6.51465
2019-08-07,26.9,23.9,30.3,8,2.8,,7.66519,6.51465
2019-08-08,28.9,25.9,32.7,0,3.6,,8.37004,5.53745
2019-08-09,29.8,26,34.6,,4.1,,7.8414,5.21172
2019-08-10,31.5,26.6,36.5,,3.4,,8.72246,5.21172
2019-08-11,30.4,26.3,35.7,6.7,4.1,,10.66079,6.51465
2019-08-12,26.6,24.8,28.5,56.2,2.3,,9.69162,6.84039
2019-08-13,29.2,25.1,35.3,6.4,4.7,,10.39647,10.74918
2019-08-14,30.4,25.9,35.7,,3.1,,10.837,5.21172
2019-08-15,25.9,23.9,28.6,16.2,2.7,,13.30396,7.16612
2019-08-16,25.9,23,29.5,0.1,5,,11.98237,7.81758
2019-08-17,25.9,23.4,28.8,0,4.6,,12.95154,7.16612
2019-08-18,25.6,22.6,30.7,,3.2,,13.30396,10.42345
2019-08-19,26.3,21.2,31.3,,2.7,,15.15418,6.84039
2019-08-20,28.2,23.2,32.8,,3.2,,13.65638,10.09771
2019-08-21,27,24.4,30.4,1.3,3.2,,12.07048,8.14332
2019-08-22,26.9,23,31.4,,4.4,,12.59911,7.16612
2019-08-23,26.2,22.7,30.5,,4.4,,13.12775,7.81758
2019-08-24,24.1,21.5,27.3,,3.5,,10.837,9.44625
2019-08-25,25,20.2,29.9,,4,,17.0044,10.42345
2019-08-26,26.4,21.5,32.1,,4,,14.97797,10.09771
2019-08-27,25.7,22.2,29.3,20,2.5,,17.0044,10.09771
2019-08-28,26.1,23.6,30.2,,4.3,,16.74008,8.79478
2019-08-29,23.4,20.1,26.4,36.9,7.5,,15.24229,9.77198
2019-08-30,22.6,19.5,27,0.2,5,,14.18502,12.05211
2019-08-31,23.5,18.5,28.9,,4.7,,14.44933,9.12052
2019-09-01,23.7,19.2,27.8,,2.9,,14.71365,15.63517
2019-09-02,24.4,19.4,29.7,,3.5,,14.62555,11.07491
2019-09-03,24.1,22,28,0,3.8,,17.97356,13.68078
2019-09-04,22.8,21.2,25.5,22.7,4.5,,14.62555,10.09771
2019-09-05,23,21.5,27.6,36.4,5,,15.85903,13.02931
2019-09-06,25.3,21.6,29.1,2.4,3.4,,15.77092,10.74918
2019-09-07,25.7,22.6,29.5,2.8,11.8,,19.55947,12.05211
2019-09-08,24.7,22.9,27.3,0,4.8,,19.82378,10.09771
2019-09-09,25.1,22.4,28,0,3.6,,18.41409,11.72638
2019-09-10,23.8,22.1,26.5,63.2,4,,17.44493,14.98371
2019-09-11,24.3,20.4,28.7,7.6,4.7,,14.71365,8.14332
2019-09-12,21,18.7,22.9,3.9,4.8,,17.09251,9.44625
2019-09-13,23.3,18.3,29.3,0.1,3.5,,16.74008,9.44625
2019-09-14,22.4,20.8,24.1,0.3,2.9,,18.5903,10.74918
2019-09-15,24.2,19.5,30,,4.1,,21.93832,18.56677
2019-09-16,24.5,20.7,30.5,,4.5,,20.79295,15.96091
2019-09-17,23.5,18,29,,4.4,,17.09251,20.8469
2019-09-18,21,16,25.4,,4.9,,20.0881,12.70358
2019-09-19,19.5,13.6,26,,4.3,,21.23348,17.26384
2019-09-20,19.6,15.8,24.2,,3.5,,20.0881,16.61237
2019-09-21,19.6,18.3,22.1,,3.7,,25.90308,15.30944
2019-09-22,18.6,17.3,19.6,0.4,6.4,,34.18502,23.12703
2019-09-23,20,16.9,24.6,,5,,32.3348,23.45276
2019-09-24,19.8,13.9,26.5,,3.5,,29.3392,20.52117
2019-09-25,20.9,14.8,27.4,,3,,24.40528,18.8925
2019-09-26,22.9,17.7,29,,3.3,,23.96475,13.68078
2019-09-27,22.9,19.6,27,,3.1,,20.26431,14.65798
2019-09-28,23.7,19.4,29.2,,3.3,,20.61674,15.63517
2019-09-29,22.6,17.9,28.6,,4,,26.60792,13.68078
2019-09-30,22.4,16.4,29.9,,3.4,,22.02643,20.19543
2019-10-01,23.1,17.6,28.2,,4.4,,22.20264,20.8469
2019-10-02,21.6,20,24.2,23.1,5.5,,21.05726,19.8697
2019-10-03,22.4,19.8,27.3,4.6,4.9,,23.34801,18.56677
2019-10-04,22.4,18,27.8,,3.9,,19.20704,18.8925
2019-10-05,18.7,14.7,21.9,0.6,4.6,,26.2555,18.24104
2019-10-06,18.1,13.2,22.7,,4.8,,31.98237,20.8469
2019-10-07,14.8,13.3,17.9,25.4,3.6,,40.17621,34.85342
2019-10-08,14.7,10.6,19.8,,6.2,,38.32599,31.92182
2019-10-09,13.6,7.7,20.4,,3.8,,49.86784,46.5798
2019-10-10,15.2,10.7,19.8,,2.8,,45.55066,40.71661
2019-10-11,18.8,13,26.1,,4.9,,37.44493,28.66449
2019-10-12,17.9,13.3,23.3,,6.7,,39.11894,28.01302
2019-10-13,17.2,12.1,23.8,,4.1,,32.68722,28.01302
2019-10-14,14.4,9.5,19.6,,5.1,,38.06167,32.57328
2019-10-15,14.5,8.8,20.4,,4.3,,46.43171,40.71661
2019-10-16,14.6,9,20.8,,3.6,,49.16299,41.36807
2019-10-17,15.4,11.2,21.6,,3.5,,48.45814,31.59609
2019-10-18,17,12,22.7,,4.3,,46.07929,34.85342
2019-10-19,17,12.1,23.1,,3.7,,41.40969,27.03583
2019-10-20,16.5,12,22.9,,3,,52.95154,40.71661
2019-10-21,17.1,10.9,24.6,,2.4,,42.81938,33.55048
2019-10-22,18.1,13.3,24.4,,3.3,,42.90748,29.96742
2019-10-23,17,14.3,20.7,,4.4,,36.38766,28.01302
2019-10-24,18.3,15.3,23.8,,5.1,,31.10132,28.66449
2019-10-25,16.7,13.1,22,0,5.6,,32.77533,30.94462
2019-10-26,10,6.6,14.9,,5.2,,46.69603,37.45928
2019-10-27,11,4.7,17.4,,4.2,,60.0,46.25407
2019-10-28,12.9,7.4,17.7,1.7,4.7,,62.73127,51.79153
2019-10-29,12.5,8.2,17.6,0.1,5.2,,58.67841,57.98045
2019-10-30,11.2,5,17.7,,3.8,,74.36123,60.58631
2019-10-31,14.8,8.4,19.7,,5.2,,54.88986,46.90553
2019-11-01,14.9,11.4,20.5,,3.9,,47.66519,48.85993
2019-11-02,13.6,8.3,18.7,,2.9,,52.07048,44.6254
2019-11-03,14.7,9.4,22.1,,4.7,,55.77092,51.14006
2019-11-04,13.8,9.2,20.3,,3.7,,51.01321,40.71661
2019-11-05,12.4,8.4,18.4,,3.8,,59.29515,46.25407
2019-11-06,11,6.3,16.5,,4.4,,61.674,50.48859
2019-11-07,9.2,5,13.6,,5.3,,71.98237,63.51791
2019-11-08,6.8,1.1,13,,4.4,,96.47577,69.05537
2019-11-09,9.5,3.5,17.2,,4.2,,82.81938,62.86644
2019-11-10,10,6.2,15.3,11.8,3.8,,100.0,68.72964
2019-11-11,11.2,7.9,15.1,1.1,4.8,,84.49339,71.66123
2019-11-12,9.3,4.8,14.5,,2.7,,89.2511,64.49511
2019-11-13,7.2,3,11.3,7.5,6,,84.84581,77.52442
2019-11-14,1.3,-2.5,5,,5.8,,98.76651,80.45602
2019-11-15,5.6,1.4,7.6,18.8,3.5,,80.79295,63.51791
2019-11-16,6.8,3.8,12.7,,3,,78.32599,61.88925
2019-11-17,8.3,5.6,10.5,21.1,6.4,,96.74008,69.70684
2019-11-18,4.6,0.4,12.7,14.7,7,,91.89427,82.08469
2019-11-19,0.2,-3.5,4,0,5.8,,95.68281,100.0
2019-11-20,0.5,-4.6,6.3,,4.6,,85.72687,65.14657
2019-11-21,4.2,-2.3,9,,4.2,,82.81938,61.56351
2019-11-22,9.7,3,17.3,,4.8,,57.53303,57.00325
2019-11-23,12.1,7.7,17.7,,3.6,,60.88105,50.81433
2019-11-24,9.8,4.6,15.6,3.8,6,,74.27312,48.85993
2019-11-25,1.9,-1.2,6,,5.9,,71.98237,60.26058
2019-11-26,6.6,1.2,13.7,,4.5,,60.52863,58.95765
2019-11-27,3.1,0.3,6.8,,4.6,,65.81497,50.48859
2019-11-28,3.5,-0.6,10.4,,4.3,,62.99559,54.72312
2019-11-29,1.5,-3.4,6.9,,4,,51.54185,57.00325
2019-11-30,4.1,-1.4,9.3,,3.4,,59.29515,50.81433
2019-12-01,4.6,2.3,6.2,3.3,4.1,,71.45374,74.91856
2019-12-02,-0.1,-3.2,2.8,,6.2,,68.98678,70.68403
2019-12-03,0.5,-5,4.2,0.6,3.6,,71.62995,62.21498
2019-12-04,2,-2,7.2,0,4.4,,58.23788,57.98045
2019-12-05,-4.4,-8.5,-0.2,,6,,59.03083,64.49511
2019-12-06,-5.9,-10.6,-1,,3.8,,57.70925,53.42019
2019-12-07,-2.4,-5.5,1.2,0.1,3.1,0,56.38766,55.70032
2019-12-08,-0.9,-5.5,4.9,,3.2,,62.64317,55.04885
2019-12-09,3.2,-1.3,8,0,3.9,,62.46696,58.30618
2019-12-10,8.1,6,10.8,1.7,3.5,,52.86343,39.73941
2019-12-11,6.3,0.1,9.8,0.2,7.2,,56.29955,46.90553
2019-12-12,-0.7,-3.5,3.4,,4.2,,50.39647,37.78501
2019-12-13,2.1,-3.7,5.9,1,4.3,,48.28193,48.5342
2019-12-14,2.7,-0.1,6.4,0,5.3,,44.49339,38.76221
2019-12-15,5.3,0.4,11,,3.6,,55.4185,40.39087
2019-12-16,7.8,2.1,12.9,,3.2,,42.46696,39.41368
2019-12-17,7.7,3.2,10.2,9.8,4.5,,42.20264,34.20195
2019-12-18,0.8,-1.7,5.2,,4.2,,40.26431,32.89902
2019-12-19,-0.8,-4.5,3.1,0,4.8,,44.14096,36.80781
2019-12-20,-1.1,-3.5,2,0,3.9,,32.24669,37.13355
2019-12-21,-1.2,-5.1,1.5,0.6,2.9,,43.1718,37.13355
2019-12-22,4.1,0.3,8.4,0.3,3.5,,42.29074,35.83061
2019-12-23,3.4,0.3,5.2,2.9,4.2,,36.74008,38.43648
2019-12-24,0.8,-2.9,6.5,,3.1,,30.48458,21.8241
2019-12-25,2,-2.7,6.6,,3.2,,40.35242,38.11074
2019-12-26,2,-2.4,4.1,0.3,5.2,,35.68281,26.05863
2019-12-27,-1.7,-4.6,2.6,,4.3,,30.30837,29.96742
2019-12-28,1.1,-3.6,6.1,,3.7,,35.33039,26.05863
2019-12-29,3.8,1.1,6.2,1.4,4.4,,35.68281,31.92182
2019-12-30,2.7,-5.7,6.8,0.4,7.4,,28.28193,21.8241
2019-12-31,-7.9,-10.9,-4.5,0,7.5,,25.28634,25.73289
2020-01-01,-2.2,-6.5,0.3,0.1,2.6,0,23.33848,36.82008
2020-01-02,1,-0.7,3.8,,4,,24.49768,29.2887
2020-01-03,-0.1,-3.4,4.6,,3.5,,24.4204,30.54393
2020-01-04,1.2,-2.8,6.1,,4.5,,25.50231,35.56485
2020-01-05,1.3,-3.2,6.6,,2.9,,27.66615,36.82008
2020-01-06,3.1,0.6,4.6,1.8,5.4,,22.95208,25.52301
2020-01-07,6.3,4.2,7.7,46.3,6.3,,22.79752,38.91213
2020-01-08,2.4,-0.4,8.9,11.6,6.3,,22.56568,25.94142
2020-01-09,-1.2,-3.1,2,,4.3,,24.72952,27.61506
2020-01-10,-0.6,-4.3,4.2,,3.7,,21.02009,27.19665
2020-01-11,-0.1,-2.6,3.9,,4.8,,23.6476,25.94142
2020-01-12,-1,-3.5,2.8,,4.1,,27.20247,27.19665
2020-01-13,-2.9,-4.7,0.2,,4.9,,23.41576,32.21757
2020-01-14,-2.3,-5.7,2.6,,3.3,,23.6476,24.26778
2020-01-15,-2.7,-6.4,2.2,,4.5,,23.6476,30.96234
2020-01-16,-1.7,-5.5,3.2,,4.4,,20.86553,29.70711
2020-01-17,-0.6,-4.8,4.9,,3.8,,14.52859,26.77824
2020-01-18,0.3,-4.1,5.9,,4.2,,18.77897,28.03347
2020-01-19,1.9,-0.4,5.3,0.6,6.1,0.3,21.25193,22.59414
2020-01-20,0.7,-3.3,5.5,,5.7,,16.3833,26.77824
2020-01-21,-0.4,-5.6,5.5,,3.5,,12.28748,24.68619
2020-01-22,3,-0.1,7.8,,3.2,,15.9969,15.89958
2020-01-23,4.6,0,9.9,,4.7,,13.29211,17.57322
2020-01-24,2.8,-1.3,7.4,,3.7,,11.4374,14.22594
2020-01-25,4.3,0.6,8.8,,3.9,,10.97372,17.15481
2020-01-26,5.5,-0.2,11.9,,6.1,,14.37403,12.97071
2020-01-27,5.9,4.8,7.5,0.1,7,,13.91035,13.38912
2020-01-28,6.8,4.3,9.9,0,5.4,,13.44667,16.7364
2020-01-29,6,3.2,9.6,,3.6,,13.91035,10.46025
2020-01-30,5.2,1.4,10.4,,3,,12.75115,7.94979
2020-01-31,3.9,1.4,8.9,0,4.4,,12.36476,12.13389
2020-02-01,2.6,-1.2,7.6,,4.7,,14.37403,11.29707
2020-02-02,1.5,-2.1,5.3,,4.7,,13.60123,10.46025
2020-02-03,-0.4,-2.9,3,0,5.7,,14.29675,10.46025
2020-02-04,-1.6,-6,3.9,1.7,6.2,0.8,12.59659,15.06276
2020-02-05,-8.3,-11,-4.9,,5.5,0.7,14.45131,16.31799
2020-02-06,-6.4,-11.8,0.4,,4,,12.51931,16.7364
2020-02-07,-1.7,-7.2,2.2,0,3.5,,10.35548,16.7364
2020-02-08,-0.1,-2.3,3.7,0,5.3,,13.67851,10.04184
2020-02-09,-0.5,-5.6,4.1,0,4.4,,16.07418,12.13389
2020-02-10,4,-0.7,9.6,0,4.2,,15.37867,9.20502
2020-02-11,6.8,-0.5,14.6,,3.6,,16.7697,9.20502
2020-02-12,7.4,6.5,8.2,6.7,5,,12.2102,7.11297
2020-02-13,6.5,4.9,8.7,,3.2,,12.67387,7.11297
2020-02-14,8.1,3.2,14.7,,3,,15.68778,8.3682
2020-02-15,9.8,6.2,15.6,2,5,,12.2102,9.20502
2020-02-16,-1.4,-4.3,7.7,13.4,6.6,3.9,15.53323,8.3682
2020-02-17,-5.9,-7.1,-3.9,1,5.6,5.5,15.76506,9.62343
2020-02-18,-4.1,-8.3,1.3,,4.1,2,12.13292,7.53138
2020-02-19,1,-4.4,6.4,,3.2,,13.91035,12.5523
2020-02-20,4.6,-0.6,10.8,,3.3,,10.58732,7.11297
2020-02-21,6.7,2.1,10.9,4.2,5.3,,9.73724,5.02092
2020-02-22,4,0,7.9,3.1,8.2,,9.96908,6.69456
2020-02-23,2.5,-2.5,8,,4.2,,9.42812,7.94979
2020-02-24,7,0.8,12.2,,3.4,,8.19165,5.02092
2020-02-25,6.7,4.7,9.4,16.6,6.8,,8.57805,5.43933
2020-02-26,6.4,2.8,10.4,0,4,,8.26893,5.02092
2020-02-27,6.1,1.3,12.5,,4.4,,7.80525,9.20502
2020-02-28,4.5,3.6,5.9,3.9,4.2,,8.11437,9.20502
2020-02-29,7.7,4.5,13,0.5,4.2,,11.051,5.43933
2020-03-01,5.8,3.2,10.1,0.2,4.7,,10.12364,5.85774
2020-03-02,3.4,0,7.6,0,4.9,,7.03245,5.43933
2020-03-03,4.8,0.3,10.5,,4.7,,9.42812,10.04184
2020-03-04,2.2,-1.3,4.6,0,6.8,,8.80989,4.60251
2020-03-05,1.4,-2.8,6.3,,4.1,,7.26429,8.3682
2020-03-06,3.7,-2.5,10.1,,3.6,,8.11437,0
2020-03-07,7,1.3,14.2,,4.1,,8.26893,4.1841
2020-03-08,9.3,2.3,16.9,,4.6,,8.19165,3.76569
2020-03-09,11.1,4.8,17.6,,4.5,,7.10973,2.51046
2020-03-10,6.4,3.2,10.8,11.8,5.3,,8.80989,3.34728
2020-03-11,3.8,0,8.3,,5.5,,6.80061,5.85774
2020-03-12,6.8,0.2,13.3,,5.4,,9.27357,4.1841
2020-03-13,4.9,-0.1,8.7,0.5,5.4,,7.03245,5.02092
2020-03-14,3.6,-2.7,8.6,,6.8,,7.18701,7.11297
2020-03-15,4,0.2,8.5,,7.8,,10.2782,3.76569
2020-03-16,3.6,-2.1,9.1,,5.2,,6.87789,4.1841
2020-03-17,6.6,3.1,12.3,,5.2,,7.57341,5.85774
2020-03-18,10,2.7,17,,4.4,,7.57341,5.02092
2020-03-19,9.1,5.8,12.1,0,8.2,,6.72333,6.27615
2020-03-20,8.8,3.1,14,,6.6,,7.65069,4.60251
2020-03-21,12.8,7.9,19.5,,5.1,,7.49613,4.1841
2020-03-22,11,6.1,16.5,,5.6,,4.71406,4.60251
2020-03-23,10.6,5.4,17,,4.8,,2.85935,3.34728
2020-03-24,11.4,5.3,17.9,,4,,3.01391,1.67364
2020-03-25,12.5,6.1,19.2,,5.3,,3.63214,2.09205
2020-03-26,14.8,8.1,20.6,1.8,5.3,,3.09119,2.51046
2020-03-27,11.9,6.7,15.8,2,5.8,,2.62751,2.09205
2020-03-28,7.7,4.5,12.8,,5.5,,2.62751,8.3682
2020-03-29,8.7,1.3,16.1,,4.6,,2.85935,2.92887
2020-03-30,10.2,4.3,16.9,,4.1,,3.55486,5.43933
2020-03-31,11.9,4.7,18.6,,4.4,,3.63214,4.60251
2020-04-01,11.3,6,17.4,,7.3,,3.01391,2.92887
2020-04-02,9.3,3.4,15.5,,5.5,,1.93199,5.85774
2020-04-03,10,5.3,16.3,,5.7,,4.32766,4.1841
2020-04-04,8.9,5,13.3,,6.3,,3.70942,7.94979
2020-04-05,7.2,1.9,13.7,,5.4,,5.02318,2.51046
2020-04-06,9.3,2.9,16.1,,5.9,,3.4003,8.3682
2020-04-07,10.6,6,16.8,,5.1,,3.01391,4.60251
2020-04-08,9.4,5.2,14.2,,5.9,,4.5595,4.1841
2020-04-09,8.9,4.3,14.7,,5.7,,4.40494,2.51046
2020-04-10,10.7,5.8,16.8,,4.1,,4.48222,2.92887
2020-04-11,9.9,6.2,16,,4.9,,5.56414,5.43933
2020-04-12,9.9,4.4,15.6,,7.4,,4.79134,2.09205
2020-04-13,12.4,4.3,20.4,,5.5,,2.93663,5.43933
2020-04-14,13,7.6,19.6,,5.3,,3.63214,2.92887
2020-04-15,13.2,7.2,20.2,,5.6,,2.47295,2.09205
2020-04-16,16,8.9,23.8,,4.5,,2.39567,2.51046
2020-04-17,12.5,10.4,15.4,6.5,4.8,,3.24574,4.60251
2020-04-18,13.5,8.5,19.6,,4.8,,3.32302,7.11297
2020-04-19,12.3,9.5,15.5,10.3,5.2,,4.63678,4.1841
2020-04-20,10,7.6,13.1,0.1,6.8,,4.63678,4.60251
2020-04-21,7.4,4.8,10.4,,8.9,,3.94126,2.51046
2020-04-22,6,4.1,8.3,0,6.4,,6.72333,9.62343
2020-04-23,7.9,2.9,12.8,,7.9,,4.86862,6.69456
2020-04-24,9.9,4.1,14.3,,8.2,,4.9459,8.3682
2020-04-25,13.1,9.9,17.1,,7.8,,5.3323,5.02092
2020-04-26,12.3,6.8,19,,6.5,,5.17774,4.60251
2020-04-27,12.9,8.7,18.3,,5.5,,3.16846,1.25523
2020-04-28,13.9,7.8,19.9,,5.5,,2.85935,3.34728
2020-04-29,14.9,9.3,21,,5.2,,1.54559,2.09205
2020-04-30,17.1,9.3,23.4,,5.9,,1.70015,5.02092
2020-05-01,20.2,16.4,26.2,,5.5,,2.62751,5.43933
2020-05-02,20.3,18,23.9,0,4.6,,2.47295,3.76569
2020-05-03,21.8,17,27.4,0,3.9,,3.94126,5.02092
2020-05-04,20.2,14.8,25.3,,4.6,,2.16383,0.83682
2020-05-05,16,13.1,19.3,,5.3,,3.16846,4.1841
2020-05-06,19.4,11.1,27.6,,4.4,,2.78207,3.34728
2020-05-07,20.7,14.9,26.5,,4.3,,1.93199,2.09205
2020-05-08,19.9,14.3,27.3,2.3,4.5,,2.00927,2.09205
2020-05-09,14.2,12.7,16.8,24.4,5.9,,2.85935,4.60251
2020-05-10,14.4,12.8,16.6,1.3,4.1,,3.86398,3.76569
2020-05-11,16.5,12.4,22,3.4,5.6,,1.93199,2.09205
2020-05-12,14.3,10.5,18.9,0.7,5.4,,3.63214,3.76569
2020-05-13,16.1,10.2,21.8,,6.5,,2.93663,1.25523
2020-05-14,19.3,12.4,25.4,,4.3,,2.78207,4.60251
2020-05-15,16.1,14.1,20.2,12,5.3,,2.78207,2.92887
2020-05-16,16.7,15,20.3,2.5,3.3,,3.16846,2.51046
2020-05-17,19.1,14.6,24.9,0,4.3,,3.01391,2.09205
2020-05-18,19.1,13.2,26.8,29.8,7.2,,3.4003,1.25523
2020-05-19,13,10.1,17.1,19,7.2,,2.31839,2.92887
2020-05-20,14.4,9.2,20.1,0,3,,2.93663,1.67364
2020-05-21,17.4,10.9,22.9,,3.3,,2.78207,2.92887
2020-05-22,18.5,14.8,22.7,0,4.9,,2.47295,2.09205
2020-05-23,20.1,16.6,25,0,4.7,,2.62751,3.76569
2020-05-24,17.1,14.3,20.2,14.5,6.5,,2.78207,3.34728
2020-05-25,16.6,13.7,21.3,,3.8,,2.24111,3.76569
2020-05-26,16.2,12.7,22.9,1.5,5.4,,1.70015,1.67364
2020-05-27,17.4,11.8,23.9,,5.9,,1.93199,2.09205
2020-05-28,18.7,14.2,23.4,0,3.9,,2.62751,2.92887
2020-05-29,20.7,14.6,27.6,,4.1,,2.70479,0.83682
2020-05-30,22.6,16.5,30,,4.3,,2.24111,4.60251
2020-05-31,21.2,17.6,28,1,5.7,,2.70479,0.83682
2020-06-01,19.7,16.6,24.5,0.4,6.2,,2.00927,4.1841
2020-06-02,17.9,14.8,21.8,2,4.1,,2.16383,3.34728
2020-06-03,22,17.6,28.4,,5.6,,2.47295,3.34728
2020-06-04,21.9,19.7,26.5,0.2,4.7,,2.31839,3.34728
2020-06-05,23,18.4,28.7,,3.8,,2.93663,3.76569
2020-06-06,24.6,19.2,30.9,,4.4,,2.39567,3.76569
2020-06-07,22.7,19.2,29.2,,5.1,,2.93663,5.43933
2020-06-08,25,19.8,32,,5.5,,2.85935,2.09205
2020-06-09,26.7,20.3,32.8,,4.3,,2.31839,2.92887
2020-06-10,25.8,22.5,32.1,6.2,6.2,,3.24574,2.51046
2020-06-11,26.1,21.7,31.6,0,4.6,,3.32302,1.25523
2020-06-12,24.7,21.6,27.6,,3,,2.08655,2.09205
2020-06-13,26.9,20.6,33.5,0,5,,3.09119,4.60251
2020-06-14,24,20.1,28.8,1.1,5.9,,3.01391,3.34728
2020-06-15,23,18.2,28.6,,6.3,,3.09119,1.67364
2020-06-16,24.4,20,30.7,,4.4,,3.16846,1.67364
2020-06-17,24.3,20.2,30.3,,4.3,,4.01854,3.76569
2020-06-18,23.4,20.3,27.3,,3.4,,3.16846,4.1841
2020-06-19,24.7,21.1,30,0.1,4.2,,3.94126,2.92887
2020-06-20,24.9,20.7,29.7,,4.6,,2.78207,4.1841
2020-06-21,26.1,19.5,32.7,,4.5,,3.70942,1.25523
2020-06-22,28.6,21.7,35.4,,4.1,,4.25038,3.76569
2020-06-23,27.3,23.2,31,0,3.7,,4.32766,3.76569
2020-06-24,22.3,19.9,26.3,37.6,5.7,,4.09582,2.09205
2020-06-25,21.6,20.1,23.4,13.3,4.3,,6.72333,2.92887
2020-06-26,21.8,19.2,25.7,2.1,5.3,,5.25502,3.34728
2020-06-27,24.1,20.4,29.6,0,5.4,,3.32302,2.92887
2020-06-28,25.2,21.5,30.1,,4.7,,5.79598,10.04184
2020-06-29,23.8,20.6,26.5,11.9,5.9,,4.09582,5.85774
2020-06-30,20.1,18.4,23.1,64.7,7.6,,3.70942,3.34728
2020-07-01,21.1,18.1,24.3,0,3.7,,4.79134,4.60251
2020-07-02,24.2,20.4,29.8,,3.4,,4.63678,2.09205
2020-07-03,25.5,21.6,30.6,0.1,6.1,,5.79598,3.76569
2020-07-04,24.2,20.4,29.5,1.6,4.4,,3.94126,1.67364
2020-07-05,23.8,19.9,27.6,,3.5,,7.18701,4.1841
2020-07-06,25.6,21.8,30.9,,4.7,,3.24574,6.27615
2020-07-07,24.1,22.1,28.1,0,4,,5.02318,6.27615
2020-07-08,25.5,21.3,30.4,,3.7,,5.02318,2.09205
2020-07-09,27.5,21.8,32.9,,3.6,,4.79134,4.1841
2020-07-10,24.5,22.7,27.7,2.2,6.6,,5.3323,2.92887
2020-07-11,25.8,22.2,30.2,,5,,4.86862,3.76569
2020-07-12,23.5,21.7,26,2.9,3.6,,8.11437,7.11297
2020-07-13,18.7,17.7,21.7,47.6,5.9,,4.79134,6.69456
2020-07-14,20.3,17.2,24.3,11.5,4.4,,3.94126,4.60251
2020-07-15,23.4,18.9,28.7,,3.4,,5.95054,4.1841
2020-07-16,25,20.4,29.7,,3.5,,5.17774,1.25523
2020-07-17,26,21.5,31.6,0,5.6,,5.40958,6.27615
2020-07-18,26.1,22.8,31,,4,,4.9459,2.92887
2020-07-19,24,20.6,26.6,29.1,4.3,,7.18701,5.85774
2020-07-20,23.8,22.4,26.6,3.6,7,,7.10973,3.76569
2020-07-21,25,21.4,30.5,0,4.2,,4.32766,5.85774
2020-07-22,23.7,22.6,25.7,11.5,3.4,,5.87326,10.46025
2020-07-23,21.1,18.5,22.6,103.1,8.3,,5.10046,3.34728
2020-07-24,22.5,18.7,26.8,2.9,8.7,,6.64605,2.51046
2020-07-25,24.3,22.3,29,0,6.1,,5.87326,5.85774
2020-07-26,25.4,21.6,29.6,0,3.3,,5.48686,6.27615
2020-07-27,24.3,22.9,25.5,2.2,3.2,,6.72333,6.27615
2020-07-28,24.4,22.7,26.4,0.4,3.1,,6.49149,5.02092
2020-07-29,23.7,22.6,24.9,50.1,3.4,,5.3323,4.1841
2020-07-30,25.3,23.4,28.4,0.1,3.8,,5.95054,5.02092
2020-07-31,26.2,22.8,29.6,1.5,4.6,,6.18238,2.92887
2020-08-01,25.3,24.3,26.9,39.1,4.9,,6.49149,5.02092
2020-08-02,24.9,23.5,26.4,31.4,7.5,,8.42349,3.34728
2020-08-03,25,23.9,26.3,102.6,8.3,,7.80525,3.76569
2020-08-04,27,25,29.4,3.9,5.7,,7.88253,6.69456
2020-08-05,26.5,25.5,29.1,18.5,4.6,,9.35085,7.11297
2020-08-06,24.1,22.9,26,75.7,6.5,,9.11901,5.43933
2020-08-07,24.3,22.6,26.1,0,3.3,,8.03709,8.3682
2020-08-08,24.2,22.7,26.1,19.1,3.7,,8.26893,5.02092
2020-08-09,24.9,23.7,25.8,50.3,6.8,,11.51468,7.53138
2020-08-10,26.5,24.7,29.5,44.6,4.3,,9.73724,5.02092
2020-08-11,24.6,22.4,27.3,97,4.7,,7.65069,5.85774
2020-08-12,27.2,23.5,31.3,,4.3,,8.88717,5.85774
2020-08-13,28,26.3,30.3,,4.9,,10.51004,3.76569
2020-08-14,27.1,26.5,28,0.4,5.7,,9.42812,7.11297
2020-08-15,26.1,25,27,69,5.6,,9.42812,2.92887
2020-08-16,27.4,25.3,30.8,,5.2,,9.73724,6.69456
2020-08-17,28.2,26.1,32.2,,4.1,,11.90108,8.3682
2020-08-18,27.5,24,31.9,,3.6,,8.73261,6.27615
2020-08-19,27.1,23.6,31.4,,4.4,,9.19629,5.85774
2020-08-20,27.7,25,31.7,,4.2,,10.12364,6.27615
2020-08-21,26.6,25.2,29.2,2.5,3.5,,11.20556,3.76569
2020-08-22,24.3,21.7,27.6,42.6,5.5,,13.29211,9.20502
2020-08-23,25.3,21.5,29.9,,3.9,,16.69242,9.62343
2020-08-24,27.8,23.7,32,,4.9,,13.83307,6.27615
2020-08-25,29.9,26,34.5,,4.6,,11.28284,7.11297
2020-08-26,30.2,27,34.5,0.6,6.5,,12.98299,10.46025
2020-08-27,27.1,25.6,28.6,8.7,7,,12.67387,10.46025
2020-08-28,27.3,26,29.7,13.6,4.4,,14.21947,7.94979
2020-08-29,26.8,25.5,29,13.6,4,,14.21947,7.53138
2020-08-30,26.8,24.4,30.6,42.5,4.8,,14.52859,9.20502
2020-08-31,26.4,23.8,30,0,4.3,,14.45131,6.69456
2020-09-01,26.6,23.8,29.5,0,3.6,,13.29211,8.78661
2020-09-02,24.3,22.6,26.4,33.3,4,,12.05564,7.94979
2020-09-03,22.7,20,25.6,29.8,9.8,,16.46058,9.62343
2020-09-04,23.3,19.9,27.5,,5.6,,12.2102,10.87866
2020-09-05,23.3,19.2,27.3,,3.5,,14.76043,13.80753
2020-09-06,21.7,19.5,24.4,6.4,4.8,,24.18856,17.99163
2020-09-07,19.2,17.5,20.6,61,7.9,,18.62442,17.15481
2020-09-08,23.4,20.6,26.5,0,7,,16.22874,10.87866
2020-09-09,21.1,19,25.3,1.3,7.6,,17.61978,19.24686
2020-09-10,22.8,18.8,27,3.9,4.2,,15.84234,11.29707
2020-09-11,22.4,19.2,27.1,1.2,4.9,,17.46522,13.38912
2020-09-12,20.2,18.1,23.2,5.7,3.9,,22.79752,16.31799
2020-09-13,21.5,16.7,26.6,,3.5,,21.94744,12.13389
2020-09-14,21.3,17.6,24.9,0,4.3,,18.39258,15.48117
2020-09-15,23,18.9,27.7,,3.3,,15.53323,12.97071
2020-09-16,22.5,21.3,24.9,0.3,3.4,,17.23338,14.22594
2020-09-17,21.3,20.1,23.6,,3.7,,17.07882,10.87866
2020-09-18,21.5,18.1,25.8,,6,,16.61514,12.97071
2020-09-19,21.2,17.6,26.2,0.3,5.3,,19.16537,10.46025
2020-09-20,19.7,15.6,24.9,,4.9,,20.55641,18.41004
2020-09-21,19.1,13.6,25.3,,2.9,,22.02472,15.06276
2020-09-22,20.2,15.5,25.6,,4.6,,21.32921,16.31799
2020-09-23,19.2,15.2,23.8,,5.3,,19.86089,17.57322
2020-09-24,20.6,16.8,25.4,,5.7,,18.93353,14.64435
2020-09-25,20.1,16.6,25.4,,4.9,,18.93353,13.80753
2020-09-26,19.3,14.8,24.8,,6.2,,22.02472,11.29707
2020-09-27,20.4,14.9,25.8,,3.9,,29.3663,16.7364
2020-09-28,20.7,15.7,26.5,,3.6,,19.93817,14.64435
2020-09-29,19.6,15.3,23.9,,4.3,,18.00618,15.06276
2020-09-30,19.6,16.2,25.7,38.3,4.1,,18.39258,12.13389
2020-10-01,18.8,15.6,23.6,,4.7,,20.55641,21.33891
2020-10-02,19.2,16.3,21.9,0,5.2,,25.57959,14.22594
2020-10-03,19.9,18.3,23.2,0,3.6,,23.57032,17.99163
2020-10-04,16.6,10.6,21.8,0,7.2,,30.1391,23.01255
2020-10-05,13.3,8.5,18.4,,5.1,,39.64451,32.63598
2020-10-06,14.2,9.3,19.7,,4.1,,36.39876,33.4728
2020-10-07,16,9.9,22,,3.4,,35.23956,34.72803
2020-10-08,17.2,12.1,23.1,,5.4,,26.50695,24.68619
2020-10-09,17.2,12.4,23.3,,5.2,,29.13446,25.1046
2020-10-10,16.9,12.3,21.5,,3.8,,26.35239,30.12552
2020-10-11,16.9,12.7,20.8,,4.1,,33.77125,27.19665
2020-10-12,16.2,12.1,21.3,,4.6,,29.05718,33.4728
2020-10-13,13.6,8.6,18.4,,4.7,,31.06646,34.30962
2020-10-14,12.8,8.5,18,,5.8,,41.03554,34.30962
2020-10-15,11.7,6.5,18.5,,3.7,,48.29984,62.34309
2020-10-16,11.8,8.6,15.4,,2.5,,45.44049,46.0251
2020-10-17,13.1,8.7,18.6,,4.3,,44.43585,42.25941
2020-10-18,13.6,7.2,20.2,,3.9,,44.66769,39.74895
2020-10-19,15.1,9.8,21.3,,3.4,,46.13601,49.37238
2020-10-20,15.2,9.9,21.7,,3.1,,38.40803,33.89121
2020-10-21,14.1,11.8,17.3,,3.8,,38.09891,33.89121
2020-10-22,13.5,8.4,18.2,0,5.7,,42.81298,40.58577
2020-10-23,8.6,5.4,13.3,,5.5,,63.21483,66.52719
2020-10-24,8.7,3.2,14,,5.9,,78.82534,63.59832
2020-10-25,11.8,5.4,18.2,,3.8,,70.94281,59.41422
2020-10-26,12.9,8,19,,4.4,,58.11437,64.01673
2020-10-27,14,9,19.4,,3.4,,51.39103,47.69874
2020-10-28,13.8,8.6,18.2,,4.8,,48.91808,49.79079
2020-10-29,10.8,5.5,16.1,,4.5,,55.79598,57.74058
2020-10-30,11.9,5.8,19.6,,3.2,,48.14528,44.35146
2020-10-31,13.6,8.5,18.2,,5,,44.82225,45.60669
2020-11-01,13.7,11.6,15,13.6,4.5,,68.00618,54.81171
2020-11-02,10.8,7.9,15.6,1.7,4.9,,55.87326,60.25104
2020-11-03,5.1,2.7,8.6,0.5,8.4,,92.96754,100.0
2020-11-04,4.9,0.2,10.8,,4.2,,100.0,84.93723
2020-11-05,9.6,3.4,15.9,,3,,77.97527,74.05857
2020-11-06,13.5,9.9,17.2,,3.3,,64.14219,58.99581
2020-11-07,14.6,12.2,18.1,0.1,4.9,,58.34621,61.08786
2020-11-08,8.5,3.1,12.4,,6.2,,74.72952,76.15062
2020-11-09,5.5,0.7,8.9,,4,,77.51159,88.70292
2020-11-10,7.7,3.5,12.9,,5,,77.12519,75.73221
2020-11-11,9.3,3.5,16.5,,2.6,,64.68315,66.10878
2020-11-12,10.4,4.6,17.7,,3.4,,61.36012,63.59832
2020-11-13,12.2,8.5,17.6,,3,,47.99072,49.79079
2020-11-14,12.5,6.8,19.3,,4,,47.37248,56.90376
2020-11-15,11.1,8.2,14.9,,3.7,,56.72333,47.28033
2020-11-16,12.4,7.5,18.3,,4.1,,46.67697,53.13807
2020-11-17,15.9,11.7,20,0.1,4.5,,44.89953,53.55648
2020-11-18,16.6,14.8,18.7,12.2,3.6,,39.41267,38.07531
2020-11-19,13.6,6.9,19.1,86.9,7.3,,40.26275,35.98326
2020-11-20,2.8,0.3,7,0,5.6,,46.83153,58.15899
2020-11-21,6.5,-0.3,12.8,0.2,4.8,,45.98145,53.97489
2020-11-22,5.6,1.5,9.1,4.8,5.7,,53.70942,53.55648
2020-11-23,1.7,-1.5,5.9,,4.9,,54.9459,56.06694
2020-11-24,2.9,0.2,6.4,,3.8,,52.55023,69.87447
2020-11-25,4.6,0,9.5,,3,,46.05873,56.90376
2020-11-26,5.6,1.9,10.9,,3.6,,47.52704,52.30125
2020-11-27,4.1,0.6,7.7,0,5.3,,37.78979,42.67782
2020-11-28,-0.1,-2.3,2.8,,5.3,,48.68624,57.74058
2020-11-29,-0.6,-3.6,2.6,,4.5,,48.8408,56.48535
2020-11-30,-0.2,-3.6,4.3,,4.6,,49.76816,47.28033
2020-12-01,1.1,-3.6,6.7,,4,,42.96754,65.69037
2020-12-02,2.4,0.5,6.1,,3.9,,39.79907,54.3933
2020-12-03,0.7,-2.3,4.2,,4.9,,41.34466,48.11715
2020-12-04,-0.6,-4.6,4.4,,4.3,,35.00772,57.32217
2020-12-05,2.1,-2.2,6.6,,3.9,,37.55795,34.72803
2020-12-06,4.5,1.2,9.1,,4.3,,41.80834,51.88284
2020-12-07,3.4,-0.7,6.3,,5.6,,32.84389,48.53556
2020-12-08,-0.5,-3.5,4.1,,3.9,,35.16228,36.82008
2020-12-09,1.5,-4.1,6.2,,3,,35.00772,40.16736
2020-12-10,5.8,3.2,9.3,0,3.5,,33.38485,34.30962
2020-12-11,5.3,2.6,9.4,,4.5,,29.21174,41.00418
2020-12-12,2.3,-0.3,6.1,,4.8,,29.82998,39.74895
2020-12-13,-1.1,-6,2,2.9,6.1,3.2,33.30757,43.09623
2020-12-14,-7.7,-9.7,-5,,5.3,1.7,30.37094,49.79079
2020-12-15,-8.3,-11.1,-4.6,,5.2,1,25.88871,51.46443
2020-12-16,-8.3,-11.2,-3.9,,4.6,0.8,28.12982,43.93305
2020-12-17,-4.9,-11.1,0.8,0,3.7,0.7,21.56105,37.23849
2020-12-18,-2.1,-6.4,1.8,0.2,5.4,0.6,22.02472,35.98326
2020-12-19,-5.1,-9.6,-1.2,,5.1,,21.40649,26.35983
2020-12-20,-3.7,-8.2,1.1,,4.4,,23.87944,38.49372
2020-12-21,-1,-6,4.7,,3.7,,20.40185,33.05439
2020-12-22,2,-2.5,7.2,,4.7,,21.02009,26.35983
2020-12-23,4.5,-0.4,8.5,0,5.1,,15.84234,19.24686
2020-12-24,2.6,-2,6.1,,6.5,,18.23802,23.01255
2020-12-25,-0.8,-4.7,3.5,,4.7,,18.46986,27.19665
2020-12-26,2.2,-2.1,8,,3.9,,17.07882,29.2887
2020-12-27,5.8,1.4,10,0,2.8,,20.40185,18.82845
2020-12-28,6.7,4.2,11.4,1.3,3.1,,14.14219,22.59414
2020-12-29,0.1,-6.2,4.3,0.2,6.1,,17.00154,18.41004
2020-12-30,-10.9,-12.9,-6.2,,6.2,,17.61978,22.17573
2020-12-31,-8.9,-12.9,-5,0,4.2,,9.27357,23.43096
2021-01-01,-4.2,-9.8,1.6,,4.1,,11.23267,20.35398
2021-01-02,-5,-8.4,-1.4,,5.4,,17.43253,22.56637
2021-01-03,-5.6,-9.1,-2,,4.5,,15.39022,26.10619
2021-01-04,-3.5,-8.4,0.3,0,3.2,0,16.11962,18.14159
2021-01-05,-5.5,-9.9,-2.1,0,5.7,0,13.63967,20.35398
2021-01-06,-7.4,-12,-1.9,2.3,8.1,3.8,15.39022,23.00884
2021-01-07,-14.5,-16.5,-8.4,,8.3,3.3,13.71261,32.30088
2021-01-08,-14.9,-18.6,-10.7,,6.1,1.1,12.03501,23.45132
2021-01-09,-12.2,-16.6,-7.5,,6.5,1,12.47264,21.23893
2021-01-10,-7.7,-12.8,-2.7,,2.6,0.7,17.28665,21.68141
2021-01-11,-6.7,-9.6,-4,,3.5,0.4,14.22319,17.25663
2021-01-12,-3.9,-9.3,-0.5,2.6,3.4,5.1,12.91028,15.9292
2021-01-13,2,-3,8.3,0,4.9,5,14.66083,16.81415
2021-01-14,1.7,-3.6,7,,3.9,,14.73377,14.15929
2021-01-15,4.5,-0.7,9.9,0.2,5.8,,13.63967,17.69911
2021-01-16,-4.9,-8.7,-0.7,,5.2,,12.32676,20.35398
2021-01-17,-5.5,-10.8,-1.3,0,4,0.1,14.87964,15.48672
2021-01-18,-3.8,-9.1,0.2,0.3,8.6,1,12.03501,19.46902
2021-01-19,-6.3,-11.6,-0.2,,4.7,,11.15973,19.9115
2021-01-20,-0.1,-6.6,7.1,,4.3,,11.37855,13.71681
2021-01-21,4.5,2.5,7,9.2,3.8,,12.10795,15.04424
2021-01-22,5.5,4.8,6.6,0.1,3.2,,11.45149,13.71681
2021-01-23,7.6,4.8,12.2,,5.8,,12.03501,11.50442
2021-01-24,7.3,2.4,13.9,,4.7,,14.29613,7.9646
2021-01-25,7.9,3,13.9,,3.6,,9.628,5.75221
2021-01-26,5.3,1.7,7.4,1.7,3.8,,9.77388,13.71681
2021-01-27,1.7,-1.8,6.5,,5.2,,8.53391,11.9469
2021-01-28,-2.6,-9.7,1.4,2,8.7,3.6,9.84682,9.73451
2021-01-29,-8.8,-11.6,-4.9,,7.3,0.7,9.70094,11.06194
2021-01-30,-1.6,-8.1,5.2,0.5,4.8,0.8,10.50328,12.83185
2021-01-31,3.2,-3.8,8.7,,4.4,,11.74325,8.84955
2021-02-01,5,-2.3,9.5,0.7,6.7,,9.33625,9.29203
2021-02-02,-5.6,-8.2,-2.4,0,5.9,,7.9504,8.40707
2021-02-03,-3.2,-9.4,1.4,3.4,4.5,4.2,9.26331,11.50442
2021-02-04,-3.6,-7.4,0.7,0.1,5.3,4.3,9.19037,9.73451
2021-02-05,1.4,-4.4,6.7,,5.1,1.4,8.75273,9.29203
2021-02-06,6.8,4.3,9.5,,4.6,,9.11743,10.17699
2021-02-07,3.6,-2.6,7.7,,5.3,,11.52443,6.63716
2021-02-08,-3.1,-5.4,0.2,,6.3,,10.06564,12.83185
2021-02-09,-0.9,-6.1,4.7,,4.8,,8.97155,7.52212
2021-02-10,3.4,-1.5,7.2,,4.3,,7.51276,5.30973
2021-02-11,5.5,1.3,10.9,,3.1,,7.14806,4.42477
2021-02-12,6.5,0.6,14,,3.4,,6.8563,8.84955
2021-02-13,7.6,1,15.9,,3.8,,7.43982,3.9823
2021-02-14,9.5,6.4,13.8,0,3.6,,7.5857,7.9646
2021-02-15,1.2,-5.2,8.2,1.4,7.3,,7.221,7.52212
2021-02-16,-5.1,-7,-1.3,1.5,7.2,1.1,8.16921,11.9469
2021-02-17,-8.3,-10.4,-5.2,0,7.5,0.9,7.221,6.63716
2021-02-18,-5.8,-10.6,-0.4,,6.1,0.2,9.19037,7.52212
2021-02-19,1.6,-7.1,8.9,,5.9,,8.67979,6.19469
2021-02-20,8.8,5.5,14.9,,3.9,,7.80452,5.30973
2021-02-21,10.8,4.7,17.4,,5.8,,8.82567,5.75221
2021-02-22,7.8,0.4,12.6,,6.5,,6.92924,2.65486
2021-02-23,0,-3.1,4.3,,5.3,,5.90809,9.73451
2021-02-24,2.9,-3,10.1,,3.2,,6.49161,5.75221
2021-02-25,4.2,0.7,8.2,,2.8,,7.43982,9.73451
2021-02-26,8.2,0.5,15.8,,4.3,,4.74106,9.73451
2021-02-27,9.5,4.3,16.2,,5.6,,7.43982,4.86725
2021-02-28,7.8,3.2,10.8,,4.3,,7.29394,5.30973
2021-03-01,4.7,0.5,9,67.5,6.2,2.3,7.73158,5.75221
2021-03-02,2.3,0.2,6.9,0.1,4,2.3,7.00218,6.63716
2021-03-03,4.4,-1.2,9.9,,3.1,,6.56455,7.07964
2021-03-04,7.2,2.5,13,,3.6,,7.221,6.19469
2021-03-05,9,3,16.2,,4.9,,4.30342,4.86725
2021-03-06,6.6,3.2,11.6,,6.2,,5.39752,3.9823
2021-03-07,6.2,2.1,12.2,,5.2,,6.19985,3.9823
2021-03-08,7,1.5,13.9,,4.9,,3.71991,6.19469
2021-03-09,6.6,2.1,12.2,,4.6,,5.76221,1.76991
2021-03-10,8.8,1.7,17.1,,3.7,,5.03282,3.9823
2021-03-11,10.2,4.7,17.1,,4.5,,3.13639,3.53982
2021-03-12,10.5,7.2,14.9,0,4.8,,4.59518,4.86725
2021-03-13,9.2,4.6,14.2,,4.4,,4.37636,3.9823
2021-03-14,9.1,4.9,14.7,,3.9,,3.13639,7.52212
2021-03-15,10.6,5.1,15.7,1.7,5.1,,3.42815,4.42477
2021-03-16,8.4,4.9,13.1,1.3,5.3,,3.79285,3.09734
2021-03-17,8.8,1.8,17.5,,4.7,,2.69876,2.65486
2021-03-18,11.7,5,18.4,,4.2,,3.20933,3.9823
2021-03-19,15.3,11.4,20.2,,4.3,,2.407,3.09734
2021-03-20,9.9,7.4,14.7,5.1,4,,3.57403,4.42477
2021-03-21,5.8,3.1,8.6,0.3,6.8,,4.30342,6.19469
2021-03-22,6.2,1.1,11.1,,6.9,,4.01167,3.53982
2021-03-23,9.1,2.5,16.4,,5.7,,5.03282,4.86725
2021-03-24,10.8,5.7,16.9,,5.3,,3.71991,2.65486
2021-03-25,11.9,6.8,19,,4.9,,3.20933,2.21238
2021-03-26,12.6,4.8,20.6,,2.9,,1.38584,4.42477
2021-03-27,12.1,10.2,15,25.5,4.8,,1.82348,5.30973
2021-03-28,9,7.7,13,9.2,6.4,,2.69876,2.21238
2021-03-29,10.2,7.3,14.6,0.2,6.6,,1.6776,4.42477
2021-03-30,10.8,4.1,18.2,,5.1,,1.31291,4.86725
2021-03-31,14.5,5.9,22.9,,3.6,,1.6776,2.65486
2021-04-01,17.7,12,24,,6.7,,2.84463,1.32743
2021-04-02,17.8,12.5,23,0,6.4,,1.31291,1.32743
2021-04-03,14.9,10.9,18,56.2,6.3,,2.11524,6.63716
2021-04-04,11.9,9,15.8,0.6,5.2,,1.96936,2.21238
2021-04-05,11.9,5.4,19.3,,5.3,,1.53172,3.9823
2021-04-06,13.9,9.4,19.2,,5.4,,1.16703,1.76991
2021-04-07,14.1,8.1,20.4,,6.2,,1.96936,0.44247
2021-04-08,13,7.2,18,,5.8,,1.53172,3.9823
2021-04-09,13.6,7.6,19.6,,5.8,,1.53172,5.30973
2021-04-10,12.6,7.7,18.8,,4.7,,2.55288,3.53982
2021-04-11,15,7.5,21.8,,3.9,,2.18818,4.42477
2021-04-12,13.8,11.9,17.8,22,4.8,,2.11524,0.88495
2021-04-13,10.4,5.7,13.5,8,5.7,,1.53172,4.86725
2021-04-14,8.4,3.1,13.3,,6.9,,2.0423,6.63716
2021-04-15,11.6,6.3,18.3,,4.7,,2.62582,4.86725
2021-04-16,11.3,8.1,14.8,0.7,5.7,,1.96936,0.88495
2021-04-17,9.6,6,14.6,0,7.1,,2.62582,3.09734
2021-04-18,9.9,5.6,15.3,,5.7,,2.33406,4.42477
2021-04-19,12.2,5.8,19.4,,4.9,,1.31291,3.09734
2021-04-20,14.8,8.1,22,,4.5,,1.82348,0.88495
2021-04-21,19.1,10.3,28.2,,4.3,,1.45878,1.32743
2021-04-22,20.9,16.1,27.5,,5,,1.53172,0.88495
2021-04-23,19,17,21.7,0,6.9,,2.26112,1.76991
2021-04-24,18.3,15.3,22.2,0,5.2,,1.38584,3.53982
2021-04-25,18.2,12.6,24,,5.6,,3.50109,3.9823
2021-04-26,16.2,12.3,20.6,,4.6,,1.09409,2.65486
2021-04-27,15.4,12.5,20,1.7,5,,1.82348,1.32743
2021-04-28,14.5,11.2,18.2,4.7,4.8,,2.33406,2.21238
2021-04-29,14.6,10.9,20.1,3.9,6.4,,1.89642,3.09734
2021-04-30,11.3,8.6,14.6,26.3,5.2,,1.38584,3.53982
2021-05-01,10.2,8.5,15.3,8,6.3,,2.77169,2.65486
2021-05-02,12.4,7.3,18.7,1.7,5.3,,1.75054,0.44247
2021-05-03,14.1,8.4,20.3,,4.9,,2.11524,1.32743
2021-05-04,13.8,11.4,15.8,19.6,4.8,,2.18818,2.65486
2021-05-05,13.9,10.3,18.4,0.1,6.7,,2.84463,4.86725
2021-05-06,15.7,7.9,23.1,,6.5,,2.0423,1.76991
2021-05-07,14.4,10.7,17.2,8.8,6.7,,1.75054,0.44247
2021-05-08,14.3,8.9,21,,8.4,,2.11524,0.88495
2021-05-09,15.7,10,21.8,,7.9,,1.53172,1.76991
2021-05-10,13.2,11.7,14.6,0,4,,1.75054,5.75221
2021-05-11,18.5,9.4,25.7,,5,,1.75054,4.86725
2021-05-12,22,16.9,27.7,,3.7,,1.60466,4.42477
2021-05-13,22.9,16.6,29.6,,4.2,,1.23997,2.21238
2021-05-14,24.1,18,30.8,,4.3,,1.75054,3.9823
2021-05-15,22.1,20.8,26.2,15,3.6,,2.407,3.09734
2021-05-16,18.4,14.8,20.8,66.9,4.4,,2.62582,2.65486
2021-05-17,15.3,14.2,16.7,3.1,3.1,,2.0423,1.76991
2021-05-18,17.9,13.6,24.5,,4.5,,1.75054,2.21238
2021-05-19,19.9,12.4,26.6,,4.4,,2.26112,3.53982
2021-05-20,18.7,15.6,22.9,0.9,6.2,,3.13639,1.32743
2021-05-21,16,14.2,18.2,6.9,4.2,,2.99051,3.9823
2021-05-22,18.6,13.8,23.8,0.2,6.2,,3.06345,2.65486
2021-05-23,19.5,14.3,25.1,,4.8,,3.28227,2.21238
2021-05-24,19.4,16.4,24.5,,5.6,,1.23997,4.86725
2021-05-25,15.3,11.9,19.3,8.3,7.4,,2.77169,1.32743
2021-05-26,18,11.5,23,0,6.5,,1.60466,1.32743
2021-05-27,15.8,13.9,18.7,8.9,5.2,,2.33406,3.53982
2021-05-28,15.3,12.4,19.7,12.3,5,,2.11524,2.65486
2021-05-29,15.4,12.8,19.1,0.3,3.7,,2.84463,1.32743
2021-05-30,18.4,10.8,26.3,18.1,7.6,,2.18818,3.9823
2021-05-31,19.9,16.5,23.8,4,3.5,,1.53172,2.65486
2021-06-01,20.2,15.9,23.9,3.2,5.4,,3.06345,3.9823
2021-06-02,23.2,16.6,29.7,,4.5,,2.18818,3.53982
2021-06-03,19.1,14.6,22.7,18.1,7.5,,3.57403,5.75221
2021-06-04,18.5,13.3,23.6,,6,,2.18818,3.9823
2021-06-05,20.8,17,25.7,,5.5,,3.42815,2.21238
2021-06-06,23,18.4,28.2,,3.8,,3.20933,2.65486
2021-06-07,21.1,19.4,24,0,3.3,,2.11524,1.76991
2021-06-08,23.6,18.8,29.5,0.1,3.6,,3.50109,1.76991
2021-06-09,25.8,19.5,31.6,,3.4,,2.69876,4.42477
2021-06-10,24.9,20.5,29.8,6.1,5.4,,3.35521,6.19469
2021-06-11,21.5,19.9,24.4,4.6,5.7,,3.20933,4.42477
2021-06-12,24.2,18.2,30.2,,3.9,,4.01167,3.09734
2021-06-13,24.8,20.9,29.7,,4.3,,3.35521,5.30973
2021-06-14,24.8,18.9,30.2,,4,,3.71991,2.65486
2021-06-15,22.5,21.5,25.3,1.9,3.9,,4.23048,4.86725
2021-06-16,24.3,20.3,28.9,,5.7,,2.91757,5.75221
2021-06-17,21.9,19.6,25,0,3.6,,3.50109,3.9823
2021-06-18,20,19,21.4,6.3,3.8,,2.84463,3.09734
2021-06-19,22.3,17.5,27.4,,3.7,,3.42815,7.52212
2021-06-20,22.9,17.6,29,,6.8,,4.37636,7.07964
2021-06-21,23.6,19.2,28.5,,4.6,,2.99051,4.42477
2021-06-22,22.8,19.7,28.6,0,7.8,,4.15754,1.76991
2021-06-23,22.4,18.8,27.9,7.5,6,,4.74106,6.63716
2021-06-24,23,18.5,28,,4.4,,5.10576,3.09734
2021-06-25,24.1,19.5,29.5,,4.7,,5.98103,2.21238
2021-06-26,22.8,19.9,26.7,4.5,3.4,,4.52224,4.42477
2021-06-27,24.5,19.8,30.8,38.2,7.8,,5.68927,7.07964
2021-06-28,23.7,21,29.2,0.1,4.1,,3.57403,6.19469
2021-06-29,23.9,21.3,28.4,8,4.1,,4.37636,2.65486
2021-06-30,24.3,21,28.8,6,3.6,,4.66812,4.86725
2021-07-01,26.3,21.4,31,,4.1,,4.95988,4.86725
2021-07-02,27.1,23.6,31.8,,3.5,,4.74106,6.19469
2021-07-03,22.6,19.6,25.7,60,5.9,,5.61633,5.75221
2021-07-04,21.4,19.8,23.1,21.4,4.9,,6.12691,4.42477
2021-07-05,23.3,20.1,26.9,,3.5,,4.30342,7.07964
2021-07-06,25.3,21,30.1,,3.7,,5.25164,4.42477
2021-07-07,26.4,23.9,29.1,12.7,3.3,,5.39752,6.19469
2021-07-08,26,23.8,29.8,2.9,4.7,,5.76221,6.19469
2021-07-09,25.5,23.6,29.2,0,4.2,,4.74106,2.21238
2021-07-10,25.9,23.1,29.2,0.5,5.4,,6.8563,6.19469
2021-07-11,25.7,24.1,27.5,0.4,4.8,,6.92924,10.17699
2021-07-12,28.1,23.8,32.5,,3.1,,5.25164,5.30973
2021-07-13,28.8,26.3,31.5,,3.7,,6.56455,6.19469
2021-07-14,29.7,26.1,33.5,,4.2,,6.12691,6.19469
2021-07-15,29.1,25.9,34.5,0,4.6,,5.1787,9.73451
2021-07-16,28.8,24.2,35.2,,7.4,,4.52224,8.40707
2021-07-17,29.1,24.7,32.8,0,4.2,,8.31509,7.07964
2021-07-18,29.6,25.7,34.1,,4.2,,6.8563,10.61946
2021-07-19,26.4,24,30.5,67.4,4.9,,7.65864,8.84955
2021-07-20,27.9,23.6,31.8,0,3.6,,6.19985,5.75221
2021-07-21,30.5,25.3,35.3,,3,,7.80452,4.86725
2021-07-22,31.2,26.5,35.9,,3.7,,7.221,5.75221
2021-07-23,31.2,27.2,35.8,,3.6,,6.8563,7.07964
2021-07-24,31.7,26.9,36.5,,4.2,,7.80452,7.07964
2021-07-25,31.5,27.2,35.9,,4.4,,9.19037,5.75221
2021-07-26,31.2,27.4,35.4,,4.3,,6.78336,5.30973
2021-07-27,31.1,27.8,35.7,,4.6,,8.31509,5.75221
2021-07-28,30.4,27.1,34.7,0,4.9,,7.14806,9.29203
2021-07-29,29.6,27,33.3,,3.9,,8.24215,6.19469
2021-07-30,30.5,25.8,35.4,,4.1,,7.36688,6.63716
2021-07-31,29.8,26.8,34.3,3,4.3,,7.73158,9.29203
2021-08-01,27.1,25.1,28.8,21,4.7,,7.87746,11.9469
2021-08-02,26.5,25,28.6,1.7,3.4,,8.38803,5.75221
2021-08-03,28,24.1,31.4,0,5.5,,7.65864,6.19469
2021-08-04,28.9,26.3,33.2,,4.3,,6.92924,7.07964
2021-08-05,29.4,25.6,33.7,,4.1,,8.16921,4.86725
2021-08-06,28.1,26,32.2,,8.3,,6.41867,7.07964
2021-08-07,28,23.4,32.3,,4,,7.87746,5.75221
2021-08-08,26.8,24.4,32.1,12.7,4.3,,11.23267,11.9469
2021-08-09,28.3,23.3,33.6,,4.8,,7.87746,8.40707
2021-08-10,27.7,24.3,32.2,,4.4,,8.82567,12.38938
2021-08-11,27.4,24.1,31.6,0,3.9,,10.13858,13.71681
2021-08-12,26.8,24,31.7,0,4.6,,11.15973,9.73451
2021-08-13,26.6,23.4,30.1,,3.5,,10.94091,8.40707
2021-08-14,26.1,23.4,30.5,,4.8,,10.3574,8.40707
2021-08-15,26.9,21.7,32.4,,3.7,,11.30561,15.48672
2021-08-16,27.3,22.5,32.8,0,3.7,,11.37855,11.50442
2021-08-17,25.9,21.9,31.3,9.3,4.6,,9.84682,14.15929
2021-08-18,24.3,20.6,31,5.6,5.4,,10.3574,19.02654
2021-08-19,26,21,31.5,,4,,9.628,11.9469
2021-08-20,26.6,22.6,30.7,0,5.1,,10.7221,11.9469
2021-08-21,23.8,21,25.5,62.8,6.7,,12.98322,12.83185
2021-08-22,24.4,22.4,27,0,4.4,,13.93143,16.37168
2021-08-23,22.4,21,24,7.4,3.3,,12.98322,14.15929
2021-08-24,23.4,21.1,26.4,10.5,6.1,,11.96207,15.48672
2021-08-25,25,23.5,27.3,0.3,3.8,,12.83734,15.04424
2021-08-26,25.5,22.9,27.9,0.7,5,,10.79504,11.9469
2021-08-27,22.4,20.4,25.5,0.9,3.2,,10.79504,13.71681
2021-08-28,23.6,19.7,28.2,,3.9,,12.7644,18.58407
2021-08-29,23.7,21.9,26.3,0.9,3.4,,14.22319,11.9469
2021-08-30,24.2,21.2,27.7,0,2.9,,13.56673,16.37168
2021-08-31,20.5,18.1,23.1,77.4,4.9,,10.3574,17.69911
2021-09-01,21.4,18.5,23.9,0.8,4.7,,11.59737,11.9469
2021-09-02,23.5,20.7,26.7,,3.4,,12.10795,9.29203
2021-09-03,24.3,20.6,29.2,,4,,12.3997,7.9646
2021-09-04,23.2,18.5,28.6,,3.7,,12.10795,6.63716
2021-09-05,23.1,19.4,27.3,,4.9,,12.91028,10.17699
2021-09-06,22.3,18,26.4,12,5.5,,11.01385,11.50442
2021-09-07,19.6,17.6,20.9,29.6,4.4,,13.4938,11.50442
2021-09-08,22.2,19,26.9,1.6,4.2,,11.52443,8.84955
2021-09-09,23.5,19.1,29.1,,3,,10.06564,9.73451
2021-09-10,23.6,19.5,28.9,,4.3,,10.94091,7.9646
2021-09-11,24,19.9,29.4,,5.6,,10.21152,12.83185
2021-09-12,24.2,19.2,29.8,,4.4,,10.57622,7.9646
2021-09-13,24.8,20.8,30.3,,3.9,,11.88913,15.48672
2021-09-14,24.6,20,29.5,,5.6,,10.21152,13.27433
2021-09-15,23.6,19.5,28.9,,5.9,,10.64916,10.61946
2021-09-16,22.9,18,27.3,,4.6,,10.7221,9.73451
2021-09-17,23.5,20.5,28.2,,5.8,,10.13858,11.06194
2021-09-18,23.9,18.9,29.8,,4,,10.64916,9.73451
2021-09-19,23.7,20.8,27.8,,3,,11.74325,13.71681
2021-09-20,23.7,19,28.4,,6.2,,12.54558,12.83185
2021-09-21,22,17.4,26.2,68.1,7.1,,14.73377,10.61946
2021-09-22,20.2,16.8,24.3,4.5,6.2,,16.70313,15.9292
2021-09-23,20.9,16.9,25.9,,6.5,,13.34792,16.37168
2021-09-24,21.8,16.7,26.9,,3.8,,11.88913,8.40707
2021-09-25,21.2,18.7,23.1,,3.5,,14.36907,10.61946
2021-09-26,22.6,18.4,27.3,,3.6,,15.39022,21.23893
2021-09-27,21.6,18.7,25,0,3.7,,13.85849,17.69911
2021-09-28,21.5,19.6,24.4,1.3,3.7,,10.94091,14.60176
2021-09-29,20.2,17.8,21.4,13.1,4.4,,14.44201,13.27433
2021-09-30,20.3,16,25.9,,3.3,,9.91976,11.06194
2021-10-01,21.1,16.9,27.5,13.3,10.6,,10.79504,10.61946
2021-10-02,20.7,16.4,26.6,,3.3,,13.20204,16.37168
2021-10-03,22.3,17.1,28.8,,4.5,,12.69146,13.27433
2021-10-04,22.9,19.2,25.6,3.6,6.1,,16.70313,11.50442
2021-10-05,23.6,21.7,26.5,0,6.2,,15.60904,15.9292
2021-10-06,18.8,17.9,21.7,6.4,4.3,,13.20204,18.14159
2021-10-07,19.4,17.9,21.9,4.6,4,,14.00437,24.77876
2021-10-08,18.8,17.5,20,3.5,2.9,,12.7644,12.83185
2021-10-09,20.9,18.5,24.1,0.4,3.7,,11.08679,11.9469
2021-10-10,19.9,14.9,24.3,14.2,4.7,,15.60904,16.81415
2021-10-11,15.2,12.6,17.8,0.3,6,,26.91466,30.08849
2021-10-12,17.9,15.8,21.3,,5.9,,24.87235,25.66371
2021-10-13,19.6,14.9,25.2,,4.1,,22.97592,25.22123
2021-10-14,19.7,17.4,23.9,,4.2,,28.08169,33.18584
2021-10-15,19,17,21.4,0,3.8,,25.09117,25.22123
2021-10-16,10.7,4.2,18.1,0,5.7,,68.63603,68.58407
2021-10-17,5.6,1.3,10.8,,7.1,,100.0,100.0
2021-10-18,9.6,2.8,16.1,5.6,3.6,,90.44493,88.49557
2021-10-19,10.9,7.1,15,4.4,5.4,,70.45951,67.25663
2021-10-20,9.5,4.6,15.8,,3.7,,73.96061,77.43362
2021-10-21,9.8,4.9,16.2,,3.6,,63.45733,50.88495
2021-10-22,10.8,5.2,17.2,,4.9,,56.67396,46.90265
2021-10-23,11.4,5.7,18.4,,3.4,,55.57986,55.75221
2021-10-24,11.4,6,18.1,,3.2,,60.24799,47.34513
2021-10-25,11.7,6.3,17.6,,3.5,,45.14952,43.8053
2021-10-26,13,7.7,19,,3,,39.3873,45.57522
2021-10-27,13.4,9.8,18.1,0,4,,35.88621,43.36283
2021-10-28,12.7,7.1,20,,3.7,,35.74033,31.41592
2021-10-29,14.6,10.5,20.6,,3.7,,30.26987,34.95575
2021-10-30,13.8,11,18,,3.1,,32.60393,34.07079
2021-10-31,14.1,9.2,20.3,0.7,3.9,,39.97082,38.49557
2021-11-01,12.9,10.3,16.9,,4,,34.86506,44.24778
2021-11-02,11.5,7.9,16.9,,3.5,,37.05324,48.67256
2021-11-03,12.1,7.6,17.1,,3.7,,34.86506,41.15044
2021-11-04,12.1,8.4,16.3,0,2.7,,33.98978,31.41592
2021-11-05,13,7.8,20.2,,2.7,,31.65572,40.70796
2021-11-06,14.1,8.8,21.3,,2.8,,38.36615,34.95575
2021-11-07,15.3,9.7,21.3,,4.9,,47.04595,40.70796
2021-11-08,8.6,4.5,15.5,25.7,9.3,,52.29759,65.04424
2021-11-09,4.9,3,6.5,2,5.1,,61.05032,80.53097
2021-11-10,4.2,0.7,7.7,0.3,5.7,,69.73012,84.51327
2021-11-11,5.3,2.1,9.7,0,6.8,,60.8315,66.37168
2021-11-12,4.5,1.3,8.6,,5.8,,56.52808,73.00884
2021-11-13,7.3,0.5,13.4,,3.3,,54.48577,60.17699
2021-11-14,11.3,7.8,16.4,,5.7,,55.06929,65.9292
2021-11-15,10.1,5.8,15.7,,3.2,,48.28592,48.23008
2021-11-16,8.5,4.4,13.6,,4.4,,45.07658,51.76991
2021-11-17,7.5,2.7,12.5,,3.4,,46.02479,64.15929
2021-11-18,11.9,7.7,16.2,0,5.5,,43.76367,47.34513
2021-11-19,12.9,10.2,16.7,,3.6,,34.35448,42.92035
2021-11-20,10.4,6.8,15.6,,3,,38.87673,40.26548
2021-11-21,10.4,7.6,13.1,5.9,7.9,,43.83661,54.86725
2021-11-22,2.7,-0.6,7.5,1.3,7.3,,52.58935,67.69911
2021-11-23,-0.6,-3.7,2.3,,5.5,,55.94456,75.22123
2021-11-24,4.1,-2.6,9.1,0,4.4,,46.02479,67.25663
2021-11-25,5.7,2.6,9.9,,4.7,,44.12837,57.52212
2021-11-26,2.9,-0.5,7.2,0,4.3,,40.26258,54.86725
2021-11-27,3.4,-1.4,10.1,,3.9,,42.30488,72.12389
2021-11-28,5.1,-1.3,12.4,,2.8,,47.7024,67.25663
2021-11-29,7.6,2.5,13.7,,2.9,,43.47191,64.60176
2021-11-30,5.7,0.7,8.9,27.2,8.4,,44.27425,65.04424
2021-12-01,-1.3,-3,1.5,,7.2,,48.57768,70.79646
2021-12-02,1.3,-4.6,5,0.1,4.6,,41.21079,67.25663
2021-12-03,1.9,-1.8,4.6,0.4,5.8,,38.36615,51.76991
2021-12-04,1.4,-2.7,7,,4.8,,42.30488,60.61946
2021-12-05,2.9,-2.3,9.6,,2.9,,48.21298,57.07964
2021-12-06,5.4,-0.7,12.1,,2.8,,38.07439,56.19469
2021-12-07,6.8,2.6,13.3,,2.6,,35.08388,50.88495
2021-12-08,6.7,1.9,13.3,,2.6,,32.74981,48.23008
2021-12-09,6.5,2.7,9.7,,3.5,,32.23924,46.90265
2021-12-10,7,5.8,8.2,0.7,3.4,,32.1663,44.24778
2021-12-11,6,4.4,9.8,,3.6,,32.31218,45.13274
2021-12-12,1.2,-3.8,5.1,,6.6,,40.26258,54.42477
2021-12-13,-2.2,-5.9,1.9,,4.1,,32.82275,52.21238
2021-12-14,3.7,-0.7,8.2,1.2,3.6,,31.50984,50.88495
2021-12-15,7.2,5.4,10,2.1,3.9,,26.9876,48.67256
2021-12-16,6.4,3.3,9.8,0,4.6,,24.94529,37.61061
2021-12-17,-5.6,-10.1,3.2,,8.1,,22.68417,46.90265
2021-12-18,-5.7,-11.2,-1.8,2.8,3.6,4.4,27.06053,43.36283
2021-12-19,-0.8,-5.8,4.2,0.2,4.9,4.6,32.38512,41.59292
2021-12-20,5.2,-0.9,11.1,0,5.1,1.8,25.23705,38.49557
2021-12-21,5.2,0.8,8.9,,4.4,,26.69584,47.78761
2021-12-22,2.2,-2.6,8.2,,3.3,,23.63238,38.05309
2021-12-23,2.7,-1.5,8.3,,2.8,,24.07002,38.05309
2021-12-24,-0.3,-7.3,3.2,0.2,6.2,,20.78774,30.97345
2021-12-25,-11.7,-14.4,-7.3,,7,,22.90299,41.15044
2021-12-26,-12.1,-15.5,-7.3,,4.8,,26.47702,34.51327
2021-12-27,-7.6,-12.9,-3.9,0,3.1,,23.70532,50.44247
2021-12-28,-4.1,-8.5,-0.9,,3.1,,21.88183,34.07079
2021-12-29,0.4,-3.8,5.9,0.2,5.9,0.3,21.0795,38.49557
2021-12-30,-3.9,-6.8,0.2,0,6.6,,22.17359,34.07079
2021-12-31,-6.7,-8.8,-3.9,,5.4,,15.46316,34.07079
